,City,Country,Lat,Lng,Max Temp,Humidity,Cloudiness,Wind Speed,Description
0,Sandwick,GB,60.0,-1.25,49.82,66,40,19.57,scattered clouds
1,Dikson,RU,73.5069,80.5464,33.03,95,99,14.67,overcast clouds
2,Horki,BY,54.2861,30.9842,43.14,72,89,11.01,overcast clouds
3,Lasa,IT,46.6166,10.7002,51.37,87,56,0.76,broken clouds
4,Uyemskiy,RU,64.4743,40.8524,46.45,100,100,2.24,overcast clouds
5,Murgab,TM,37.4966,61.9714,82.78,12,0,7.87,clear sky
6,Kutum,SD,14.2,24.6667,78.03,23,10,12.24,clear sky
7,Troitsko-Pechorsk,RU,62.7084,56.1964,41.45,80,100,6.2,overcast clouds
8,Mao,ES,39.8885,4.2658,68.56,94,20,1.14,fog
9,Nepa Nagar,IN,21.4667,76.4,82.74,44,71,10.76,broken clouds
10,Magaria,NE,12.9983,8.9099,81.57,19,22,5.06,few clouds
11,Abatskoye,RU,56.2875,70.4555,52.54,55,100,7.63,overcast clouds
12,Korla,CN,41.7597,86.1469,66.92,16,2,7.02,clear sky
13,Dalbandin,PK,28.8947,64.4101,84.43,5,0,5.59,clear sky
14,Otukpo,NG,7.1913,8.1329,72.41,95,98,3.8,light rain
15,Nyagan,RU,62.1406,65.3936,43.93,73,67,3.76,broken clouds
16,Trincomalee,LK,8.5711,81.2335,88.43,63,100,0.87,overcast clouds
17,Sakhnovshchyna,UA,49.1517,35.872,45.54,56,0,9.01,clear sky
18,Buta,CD,2.7858,24.73,73.94,88,100,1.63,overcast clouds
19,Pindiga,NG,9.9833,10.9333,74.61,86,100,7.49,overcast clouds
20,Sovetskiy,RU,61.3614,63.5842,41.16,83,100,1.45,overcast clouds
21,Hobyo,SO,5.3505,48.5268,81.75,69,23,13.15,few clouds
22,Maricka,BA,44.8686,16.8406,45.82,76,83,1.68,broken clouds
23,Waddan,LY,29.1614,16.139,69.17,65,0,10.07,clear sky
24,Buraydah,SA,26.326,43.975,90.12,12,0,12.15,clear sky
25,Medak,IN,18.0333,78.2667,81.95,74,55,9.95,light rain
26,Shatalovo,RU,54.334,32.4465,42.03,72,100,8.12,overcast clouds
27,Esil,KZ,51.9556,66.4042,56.64,41,100,11.01,overcast clouds
28,Mehamn,NO,71.0357,27.8492,33.75,93,15,9.22,few clouds
29,Sorland,NO,67.667,12.6934,48.06,71,100,21.27,overcast clouds
30,Faya,SA,18.3851,42.4509,72.12,16,0,4.07,clear sky
31,Thinadhoo,MV,0.5333,72.9333,81.91,74,18,15.84,few clouds
32,Santa Marinella,IT,42.0345,11.8536,66.7,79,0,3.44,clear sky
33,Kashan,IR,33.9831,51.4364,82.83,13,4,3.42,clear sky
34,Ilam,NP,26.9167,87.9167,75.02,67,31,6.4,scattered clouds
35,Gat,IL,31.61,34.7642,77.68,100,44,4.68,scattered clouds
36,Kidal,ML,18.4411,1.4078,79.93,10,0,12.03,clear sky
37,Sangmelima,CM,2.9333,11.9833,70.41,87,100,3.89,overcast clouds
38,Dalmatovo,RU,56.26,62.9362,50.34,67,100,5.93,overcast clouds
39,Raymun,JO,32.2834,35.8253,67.03,60,74,3.2,broken clouds
40,Likhoslavl,RU,57.1275,35.464,43.18,78,100,6.38,overcast clouds
41,Muslyumovo,RU,55.3033,53.1947,43.5,93,100,9.84,overcast clouds
42,Abu Kamal,SY,34.4506,40.9171,82.9,30,90,4.12,overcast clouds
43,Taloqan,AF,36.7361,69.5345,79.27,7,0,4.72,clear sky
44,Zaria,NG,11.1113,7.7227,72.19,59,100,3.6,overcast clouds
45,Ati,TD,13.2154,18.3353,85.33,18,2,10.31,clear sky
46,Gubkinskiy,RU,64.434,76.5026,39.58,66,100,16.55,overcast clouds
47,Malanville,BJ,11.8685,3.3899,76.3,76,100,4.81,overcast clouds
48,Svetlogorsk,BY,52.6333,29.7333,45.48,69,80,10.31,broken clouds
49,Krasnoarmeysk,RU,51.0239,45.6969,44.67,59,8,7.85,clear sky
50,Galle,LK,6.0367,80.217,80.42,81,98,11.41,very heavy rain
51,Najran,SA,17.4924,44.1277,78.82,14,15,11.1,few clouds
52,Ayagoz,KZ,47.9714,80.4392,63.79,15,85,0.94,overcast clouds
53,Blankenberge,BE,51.3131,3.1323,57.15,90,100,1.01,light rain
54,Ostersund,SE,63.1792,14.6357,42.62,100,20,12.66,light rain
55,Ginir,ET,7.1333,40.7,62.71,78,81,4.79,light rain
56,Crotone,IT,39.0851,17.1178,66.2,69,4,15.21,clear sky
57,Tarutyne,UA,46.1858,29.1506,51.3,49,56,10.16,broken clouds
58,Batouri,CM,4.4333,14.3667,72.54,84,100,3.06,overcast clouds
59,Kuusamo,FI,65.9667,29.1833,42.84,100,100,6.91,overcast clouds
60,Narovchat,RU,53.8765,43.6946,42.19,64,18,4.76,few clouds
61,Serebryansk,KZ,49.6925,83.2892,61.02,22,29,5.95,scattered clouds
62,Hindaun,IN,26.7167,77.0167,85.75,29,0,3.85,clear sky
63,Adwa,ET,14.1646,38.8955,70.61,43,55,9.04,broken clouds
64,Bosobolo,CD,4.1833,19.9,76.44,86,100,1.28,light rain
65,Malakal,SS,9.5334,31.6605,75.92,77,100,3.65,overcast clouds
66,Mandera,KE,3.9366,41.867,83.7,52,73,11.03,broken clouds
67,Igarka,RU,67.4667,86.5833,37.22,75,100,16.37,overcast clouds
68,Onguday,RU,50.75,86.15,55.4,28,15,2.82,few clouds
69,Yabelo,ET,4.8833,38.0833,60.42,75,99,11.43,overcast clouds
70,Birao,CF,10.2849,22.7882,82.24,43,61,4.32,broken clouds
71,Mezen,RU,65.8522,44.24,43.43,95,99,6.58,overcast clouds
72,Kavaratti,IN,10.5669,72.642,81.48,71,99,0.31,overcast clouds
73,Sorada,IN,19.75,84.4333,84.36,75,53,4.03,broken clouds
74,Salalah,OM,17.0151,54.0924,84.29,61,20,8.05,few clouds
75,Chik,RU,54.9928,82.4311,47.95,42,0,4.47,clear sky
76,Pafos,CY,34.7667,32.4167,76.23,60,40,5.75,scattered clouds
77,Aksu,CN,41.1231,80.2644,67.82,15,31,3.31,scattered clouds
78,Beboto,TD,8.2668,16.939,75.65,87,94,4.59,overcast clouds
79,Batticaloa,LK,7.7102,81.6924,84.06,70,95,2.86,overcast clouds
80,Narodychi,UA,51.2029,29.0823,46.96,65,13,9.42,few clouds
81,Jalu,LY,29.0331,21.5482,74.91,60,0,14.58,clear sky
82,Ekibastuz,KZ,51.6667,75.3667,60.08,35,73,3.94,broken clouds
83,Togur,RU,58.3631,82.8265,40.87,50,100,8.77,overcast clouds
84,Ostrovnoy,RU,68.0531,39.5131,44.91,90,100,11.05,overcast clouds
85,Dogondoutchi,NE,13.6393,4.0287,80.11,66,100,5.19,overcast clouds
86,Syracuse,IT,37.0881,15.2792,65.32,63,0,4.16,clear sky
87,Teberda,RU,43.4456,41.7448,52.79,56,100,2.98,overcast clouds
88,Jinka,ET,5.65,36.65,75.16,49,47,4.27,scattered clouds
89,Krivosheino,RU,57.3431,83.9261,42.57,48,41,7.25,scattered clouds
90,Pangody,RU,65.85,74.4859,38.8,73,100,11.86,overcast clouds
91,Vardo,NO,70.3705,31.1107,40.98,87,100,4.61,overcast clouds
92,Adjumani,UG,3.3779,31.7909,75.29,78,100,0.29,overcast clouds
93,Isiro,CD,2.7739,27.616,76.14,73,100,1.66,overcast clouds
94,Kirovskiy,RU,45.0917,133.5136,62.55,56,0,3.98,clear sky
95,Dneprovskaya,RU,45.6236,38.8081,54.63,50,0,16.87,clear sky
96,Sabzevar,IR,36.2126,57.6819,78.08,15,0,0.0,clear sky
97,Baft,IR,29.234,56.6057,69.3,20,0,8.79,clear sky
98,Wattegama,LK,6.7989,81.4808,90.52,48,96,6.62,overcast clouds
99,Longyearbyen,SJ,78.2186,15.6401,21.04,73,0,3.44,clear sky
100,Lilienthal,DE,53.1657,8.9293,53.22,94,13,4.61,mist
101,Blois,FR,47.5833,1.3333,62.98,94,100,15.57,overcast clouds
102,Inta,RU,66.0317,60.1659,40.12,88,100,4.21,overcast clouds
103,Rokytne,UA,51.2796,27.214,47.64,66,38,10.56,scattered clouds
104,Jumla,NP,29.2747,82.1838,67.68,36,1,6.17,clear sky
105,Wladyslawowo,PL,54.7909,18.4009,55.94,84,24,13.27,few clouds
106,Kuminskiy,RU,58.6667,66.5667,50.88,67,97,7.09,overcast clouds
107,Rozkishne,UA,48.5074,39.3004,46.6,56,0,8.28,clear sky
108,Manavalakurichi,IN,8.1333,77.3,85.24,67,100,9.37,overcast clouds
109,Umba,RU,66.6871,34.3429,42.67,92,17,5.39,few clouds
110,Alwar,IN,27.5667,76.6,86.07,29,0,5.64,clear sky
111,Rosendal,NO,59.9867,6.0135,43.75,92,50,4.59,scattered clouds
112,Hit,IQ,33.6416,42.8251,86.45,18,82,6.42,broken clouds
113,Kalat,PK,29.0225,66.5916,66.69,8,0,6.91,clear sky
114,Serravalle,SM,43.969,12.4817,63.59,80,5,1.14,clear sky
115,Suoyarvi,RU,62.0833,32.35,45.03,95,100,6.67,overcast clouds
116,Riyadh,SA,24.6877,46.7219,87.94,14,0,5.59,clear sky
117,Afyonkarahisar,TR,38.75,30.6667,58.64,66,100,8.5,overcast clouds
118,Marawi,PH,7.9986,124.2928,80.2,77,72,2.98,broken clouds
119,Khotiv,UA,50.3307,30.4684,50.56,55,6,7.74,clear sky
120,Cotonou,BJ,6.3654,2.4183,78.78,89,40,6.91,scattered clouds
121,Yuzha,RU,56.5831,42.0122,42.3,72,56,3.69,broken clouds
122,Kyabe,TD,9.4515,18.9449,80.53,74,100,3.36,overcast clouds
123,Mariinsk,RU,56.2139,87.7472,46.27,43,23,9.89,few clouds
124,Rafai,CF,4.95,23.9167,75.9,87,100,0.51,overcast clouds
125,Yar-Sale,RU,66.8333,70.8333,41.54,72,100,7.43,overcast clouds
126,Basoda,IN,23.85,77.9333,81.18,39,5,4.32,clear sky
127,Dolny Kubin,SK,49.2098,19.3034,54.19,88,100,5.17,overcast clouds
128,Male,MV,4.1748,73.5089,84.15,79,75,20.71,broken clouds
129,Montbrison,FR,45.6667,4.0833,61.14,89,97,3.83,overcast clouds
130,Kharp,RU,66.8014,65.8081,40.41,89,100,1.14,overcast clouds
131,Kulhudhuffushi,MV,6.6221,73.07,81.77,76,97,9.73,overcast clouds
132,Shache,CN,38.4167,77.2406,70.32,12,5,4.92,clear sky
133,Victoria,HK,22.2855,114.1577,89.19,50,81,17.0,broken clouds
134,Kamenka,RU,51.3223,42.7678,43.86,58,15,5.82,few clouds
135,Bridlington,GB,54.0831,-0.1919,51.89,88,100,22.66,overcast clouds
136,Umaria,IN,23.5333,80.8333,80.67,52,6,3.47,clear sky
137,Novyy Karachay,RU,43.8208,41.9032,56.12,64,66,3.6,broken clouds
138,Sabha,LY,27.0377,14.4283,70.86,60,0,15.28,clear sky
139,Roald,NO,62.5833,6.1333,47.75,81,75,11.5,light rain
140,Ous,RU,60.9058,61.5186,41.86,80,100,3.18,overcast clouds
141,Roseto Degli Abruzzi,IT,42.6664,14.0227,64.09,47,9,2.37,clear sky
142,Talnakh,RU,69.4865,88.3972,33.21,99,100,8.99,snow
143,Hranice,CZ,49.548,17.7347,58.93,75,100,9.37,overcast clouds
144,Shemordan,RU,56.1856,50.3972,39.6,88,100,10.13,overcast clouds
145,Kudahuvadhoo,MV,2.6708,72.8944,80.46,79,96,17.65,overcast clouds
146,Tazovskiy,RU,67.4667,78.7,38.52,72,100,13.96,overcast clouds
147,Port Blair,IN,11.6667,92.75,86.04,74,40,4.61,scattered clouds
148,Turochak,RU,52.2576,87.1224,54.19,26,8,3.49,clear sky
149,Kannur,IN,11.8675,75.3576,82.0,72,100,4.54,overcast clouds
150,Boali,CF,4.8005,18.1275,77.77,84,100,0.81,overcast clouds
151,Gusau,NG,12.1628,6.6614,75.06,83,100,2.91,overcast clouds
152,Am Timan,TD,11.0297,20.2827,81.09,49,91,2.28,overcast clouds
153,Porbandar,IN,21.6422,69.6093,90.61,37,100,4.21,overcast clouds
154,Gewane,ET,10.1664,40.6453,87.91,31,3,6.08,clear sky
155,Grojec,PL,51.8625,20.8676,53.15,78,13,9.53,few clouds
156,Muhos,FI,64.808,25.9931,46.18,96,100,9.01,overcast clouds
157,Ombessa,CM,4.603,11.2565,69.89,95,100,3.27,light rain
158,Sar-E Pul,AF,35.8333,66.1667,71.94,12,0,6.04,clear sky
159,Tricase,IT,39.9304,18.3553,62.53,77,0,8.05,clear sky
160,Sakakah,SA,29.9697,40.2064,81.97,23,6,5.08,clear sky
161,Jijiga,ET,9.35,42.8,72.36,33,44,4.0,scattered clouds
162,Itatskiy,RU,56.07,89.0369,44.71,48,11,13.53,few clouds
163,Tessalit,ML,20.1986,1.0114,79.45,10,0,12.06,clear sky
164,Kajaani,FI,64.2273,27.7285,46.45,93,100,4.61,overcast clouds
165,Maihar,IN,24.2667,80.75,82.69,39,6,0.65,clear sky
166,Duma,CN,34.7653,108.135,65.97,28,100,6.6,overcast clouds
167,Tanout,NE,14.9709,8.8879,81.82,17,25,7.96,scattered clouds
168,Berlevag,NO,70.8578,29.0864,35.4,86,12,8.05,few clouds
169,Inzer,RU,54.2167,57.5556,44.01,77,98,6.2,overcast clouds
170,Podujevo,XK,42.9106,21.1931,48.96,70,67,3.44,broken clouds
171,Awbari,LY,26.5921,12.7805,71.22,60,0,12.59,clear sky
172,Raga,SS,8.4596,25.678,81.1,68,66,2.95,broken clouds
173,Jega,NG,12.2175,4.3792,77.65,78,100,5.61,overcast clouds
174,Hala,PK,25.8131,68.4227,96.75,12,0,1.32,clear sky
175,Kelo,TD,9.3086,15.8066,77.07,78,95,4.61,overcast clouds
176,Turukhansk,RU,65.8167,87.9833,35.38,72,100,15.21,overcast clouds
177,Zaysan,KZ,47.4667,84.8667,65.05,15,18,5.86,few clouds
178,Linda,US,39.1277,-121.5508,75.69,64,0,8.05,clear sky
179,Shenkursk,RU,62.1091,42.896,44.69,86,100,5.28,overcast clouds
180,Muravlenko,RU,63.7898,74.523,39.49,70,78,15.12,broken clouds
181,Dubrovnik,HR,42.6481,18.0922,62.24,59,0,5.75,clear sky
182,Ajdabiya,LY,30.7554,20.2263,74.66,60,2,17.96,clear sky
183,Krishnagiri,IN,12.5333,78.2333,83.97,61,100,4.27,overcast clouds
184,Bokoro,TD,12.3807,17.0568,86.45,18,14,10.13,few clouds
185,Marsa Matruh,EG,31.3525,27.2453,74.73,70,79,17.67,broken clouds
186,Balkhash,KZ,46.844,74.9804,68.61,15,0,6.71,clear sky
187,Bhadrachalam,IN,17.6667,80.8833,82.31,84,91,1.66,overcast clouds
188,Yarega,RU,63.4354,53.5765,39.04,68,84,4.18,broken clouds
189,Madikeri,IN,12.4167,75.7333,77.76,61,100,1.28,overcast clouds
190,Leshukonskoye,RU,64.8989,45.7622,42.24,96,100,4.65,overcast clouds
191,Fiki,GR,39.5169,21.6556,58.12,77,99,1.57,overcast clouds
192,Sarany,RU,58.5,58.8833,40.73,96,100,4.52,light rain
193,Bialystok,PL,53.1333,23.15,48.96,90,59,5.99,broken clouds
194,Bilma,NE,18.6853,12.9164,80.74,17,2,6.44,clear sky
195,Batsfjord,NO,70.6345,29.7185,35.38,93,20,6.91,few clouds
196,Matay,EG,28.419,30.7792,77.67,47,0,1.39,clear sky
197,Raudeberg,NO,61.9875,5.1352,45.27,17,42,21.07,scattered clouds
198,Asmara,ER,15.3333,38.9333,59.85,67,84,6.13,broken clouds
199,Lokosovo,RU,61.1333,74.8167,43.32,62,5,10.89,clear sky
200,Kanniyakumari,IN,8.0833,77.5667,82.98,74,100,12.91,overcast clouds
201,Bafia,CM,4.75,11.2333,69.01,97,100,3.2,light rain
202,Bandarbeyla,SO,9.4942,50.8122,84.81,61,0,16.06,clear sky
203,Zuwarah,LY,32.9312,12.082,74.12,61,23,7.78,few clouds
204,Hellvik,NO,59.9156,5.781,44.01,92,22,1.99,few clouds
205,Turtas,RU,58.9417,69.1325,49.08,71,100,6.33,overcast clouds
206,Misratah,LY,32.3754,15.0925,75.24,65,18,20.2,light rain
207,Norden,DE,53.6,7.2,54.95,86,99,3.0,light rain
208,Hambantota,LK,6.1241,81.1185,85.8,66,74,20.2,broken clouds
209,Nova Vodolaha,UA,49.7185,35.8708,45.18,58,0,7.14,clear sky
210,Ouesso,CG,1.6136,16.0517,72.54,95,100,1.36,light rain
211,Tornio,FI,65.8481,24.1466,46.42,96,100,11.7,overcast clouds
212,Dwarka,IN,22.2394,68.9678,88.12,42,67,9.91,broken clouds
213,Kentau,KZ,43.5206,68.5094,71.71,20,17,6.58,few clouds
214,Trapani,IT,37.8333,12.6667,75.29,83,20,2.3,few clouds
215,Hornbaek,DK,56.0854,12.4505,56.08,97,99,10.78,overcast clouds
216,Ramat Yishay,IL,32.7006,35.1797,80.22,61,40,10.36,scattered clouds
217,Lerwick,GB,60.1545,-1.1494,50.0,69,78,22.03,broken clouds
218,Dharchula,IN,29.85,80.5333,76.08,45,0,6.49,clear sky
219,Adrar,MR,20.5022,-10.0711,83.28,25,99,8.03,overcast clouds
220,Zabol,AF,32.25,67.25,67.1,9,0,7.74,clear sky
221,Naousa,GR,40.6329,22.0534,54.48,79,58,1.34,broken clouds
222,Edd,ER,13.9297,41.6925,93.52,36,1,13.82,clear sky
223,Novobirilyussy,RU,56.9514,90.6661,43.86,47,9,8.05,clear sky
224,Visnes,NO,59.3556,5.2242,47.21,93,20,8.05,few clouds
225,Kashi,CN,39.4547,75.9797,70.81,17,5,4.47,clear sky
226,Tselinnoye,RU,53.0833,85.6667,52.68,34,11,6.15,few clouds
227,Norrtalje,SE,59.758,18.705,54.01,81,100,9.57,light rain
228,Kargasok,RU,59.0556,80.8572,39.45,60,98,10.45,overcast clouds
229,Skelleftea,SE,64.7507,20.9528,50.36,100,100,8.05,overcast clouds
230,Arles,FR,43.6768,4.6303,61.66,88,0,1.14,clear sky
231,Makokou,GA,0.5738,12.8642,71.71,90,100,4.32,overcast clouds
232,Sinop,TR,41.7711,34.8709,57.63,70,100,4.21,overcast clouds
233,Svetlyy,RU,54.675,20.1347,50.97,80,100,12.55,overcast clouds
234,Sistranda,NO,63.7256,8.834,46.36,82,100,21.77,light rain
235,Marzuq,YE,14.4,46.4667,81.05,27,6,4.99,clear sky
236,Umm Kaddadah,SD,13.6017,26.6876,84.51,21,7,21.32,clear sky
237,Deventer,NL,52.25,6.15,55.13,98,100,5.99,overcast clouds
238,Isagarh,IN,24.8333,77.8833,81.03,39,3,2.57,clear sky
239,Garowe,SO,8.4054,48.4845,84.63,48,16,9.64,few clouds
240,Asyut,EG,27.181,31.1837,77.4,44,0,5.01,clear sky
241,Druzhba,UA,52.0428,33.9453,43.59,64,32,5.73,scattered clouds
242,Sur,OM,22.5667,59.5289,90.01,21,13,2.51,few clouds
243,Arlit,NE,18.7369,7.3853,82.36,12,7,5.46,clear sky
244,Mustasaari,FI,63.1142,21.6822,48.88,93,75,8.05,broken clouds
245,Lar,IN,26.2039,83.9717,85.73,44,0,5.53,clear sky
246,Golubitskaya,RU,45.3222,37.2822,52.21,58,0,22.57,clear sky
247,Odweyne,SO,9.4092,45.064,79.84,39,5,5.88,clear sky
248,Marsabit,KE,2.3284,37.9899,70.3,46,70,17.56,broken clouds
249,Abu Samrah,SY,35.3029,37.1841,70.79,58,100,3.94,overcast clouds
250,Zabid,YE,14.1951,43.3152,90.5,47,0,7.16,clear sky
251,Shorapur,IN,16.5167,76.75,83.89,62,65,7.92,light rain
252,Wamba,NG,8.9333,8.6,73.13,90,100,0.87,overcast clouds
253,Batetskiy,RU,58.6461,30.3027,45.36,83,74,6.71,broken clouds
254,Bhinmal,IN,25.0,72.25,92.48,22,0,4.29,clear sky
255,Shabqadar,PK,34.2139,71.5552,86.22,26,0,3.0,clear sky
256,Manadhoo,MV,5.7667,73.3833,81.9,75,86,10.6,overcast clouds
257,Patan,NP,27.6667,85.3333,79.18,47,20,4.61,few clouds
258,Narwar,IN,25.65,77.9,82.02,42,0,3.96,clear sky
259,Denia,ES,38.8408,0.1057,72.75,77,0,1.99,clear sky
260,Kishi,NG,9.0833,3.85,72.48,93,100,4.12,overcast clouds
261,Wajid,SO,3.8093,43.2471,83.32,52,23,12.86,few clouds
262,Hun,LY,29.1268,15.9477,69.33,63,0,10.38,clear sky
263,Trelleborg,SE,55.3751,13.1569,56.14,97,100,14.38,overcast clouds
264,Sangareddi,IN,17.6294,78.0917,77.32,76,78,7.92,broken clouds
265,Honningsvag,NO,70.9821,25.9704,38.95,81,40,10.36,scattered clouds
266,Doka,SD,13.5167,35.7667,83.46,59,5,8.05,clear sky
267,Vesoul,FR,47.5833,5.8333,59.81,94,100,12.48,overcast clouds
268,Safaga,EG,26.7292,33.9365,79.74,45,0,9.84,clear sky
269,Goure,NE,13.9835,10.2704,82.45,16,18,7.83,few clouds
270,Bayburt,TR,40.2589,40.2278,53.76,66,100,3.91,overcast clouds
271,Bardiyah,LY,31.7561,25.0865,72.05,71,3,20.54,clear sky
272,Abeche,TD,13.8292,20.8324,84.0,24,34,12.21,scattered clouds
273,Nalut,LY,30.3333,10.85,68.56,45,0,8.08,clear sky
274,Nadvoitsy,RU,63.8667,34.3167,46.35,92,100,6.93,overcast clouds
275,Sile,TR,41.1754,29.6133,61.57,78,100,1.99,light rain
276,Diapaga,BF,12.0708,1.7889,76.17,76,75,4.88,broken clouds
277,Severodvinsk,RU,64.5635,39.8302,46.51,91,100,7.76,overcast clouds
278,Awjilah,LY,29.1081,21.2869,75.02,60,0,15.19,clear sky
279,Suez,EG,29.9737,32.5263,75.38,52,6,0.22,clear sky
280,Gambela,ET,8.25,34.5833,81.18,65,61,2.82,broken clouds
281,Dhidhdhoo,MV,6.8833,73.1,81.72,77,98,9.82,overcast clouds
282,Aswan,EG,24.0934,32.907,81.7,27,11,7.47,few clouds
283,Metkovic,HR,43.0542,17.6483,54.07,62,0,3.8,clear sky
284,Kefalos,GR,36.7453,26.9589,71.82,68,40,3.44,scattered clouds
285,Saqqez,IR,36.2499,46.2735,73.38,19,47,18.81,scattered clouds
286,Holme,DK,56.1138,10.1725,54.97,94,44,6.62,scattered clouds
287,Gohad,IN,26.4261,78.4447,85.12,42,0,1.95,clear sky
288,Joshimath,IN,30.5667,79.5667,70.38,36,0,6.8,clear sky
289,Montlucon,FR,46.3333,2.6,61.7,85,100,5.01,overcast clouds
290,Lisakovsk,KZ,52.5369,62.4936,53.83,53,90,9.95,overcast clouds
291,Dera Bugti,PK,29.0307,69.151,88.63,12,0,7.52,clear sky
292,Rotava,CZ,50.2963,12.5734,55.35,96,100,3.96,overcast clouds
293,Tuzser,HU,48.3441,22.1176,53.58,76,100,5.64,overcast clouds
294,Eyl,SO,7.9803,49.8164,85.59,57,23,12.93,few clouds
295,Barmstedt,DE,53.7833,9.7667,54.34,96,28,1.01,scattered clouds
296,Tumba,SE,59.1986,17.8332,54.21,97,75,6.91,broken clouds
297,Blagoyevo,RU,63.3667,47.9167,39.25,91,100,3.74,overcast clouds
298,Yining,CN,29.0361,114.5636,80.49,36,0,5.1,clear sky
299,Poddorye,RU,57.4695,31.1156,45.45,81,100,7.81,overcast clouds
300,Hagere Hiywet,ET,8.9833,37.85,66.11,60,6,7.63,clear sky
301,Teguldet,RU,57.3064,88.1667,43.27,51,47,9.66,scattered clouds
302,Synya,RU,65.3718,58.0387,38.98,80,94,2.98,overcast clouds
303,Tammisaari,FI,59.9736,23.4339,53.11,98,100,13.82,overcast clouds
304,Vieste,IT,41.8825,16.175,65.77,73,4,7.67,clear sky
305,Moussoro,TD,13.6408,16.4901,85.15,15,25,14.12,scattered clouds
306,Kupino,RU,54.3663,77.2981,51.6,39,51,6.2,broken clouds
307,Idritsa,RU,56.3316,28.8988,45.84,80,92,8.19,overcast clouds
308,Khed,IN,17.7167,73.3833,88.88,60,49,2.3,scattered clouds
309,Dergachi,RU,51.2328,48.7659,45.99,56,100,7.63,overcast clouds
310,Salmas,IR,38.1973,44.7653,60.33,44,28,4.03,scattered clouds
311,Matara,LK,5.9485,80.5353,82.29,76,96,12.08,heavy intensity rain
312,Melbu,NO,68.5044,14.8297,40.82,75,36,9.22,scattered clouds
313,Nardaran,AZ,40.5561,50.0056,67.64,73,0,11.5,clear sky
314,Siilinjarvi,FI,63.0833,27.6667,48.22,93,100,8.05,overcast clouds
315,Esna,EG,25.2934,32.554,79.84,31,32,6.64,scattered clouds
316,Mongoumba,CF,3.6415,18.5936,73.2,95,100,3.2,light rain
317,Den Helder,NL,52.9599,4.7593,56.01,99,68,14.0,mist
318,Nekhayevskiy,RU,50.4106,41.7561,44.06,57,4,6.8,clear sky
319,Andra,RU,62.5147,65.8878,42.4,75,48,7.09,scattered clouds
320,Leh,IN,34.1667,77.5833,45.91,24,0,0.69,clear sky
321,Kovernino,RU,57.1253,43.8142,41.85,74,31,4.65,scattered clouds
322,Obosi,NG,6.0951,6.8177,74.08,92,100,0.2,overcast clouds
323,Nikki,BJ,9.9401,3.2108,72.75,90,100,4.25,overcast clouds
324,Boende,CD,-0.2167,20.8667,75.4,85,100,4.43,overcast clouds
325,Marmarion,GR,38.0484,24.3204,65.57,81,99,19.1,overcast clouds
326,Kanker,IN,20.2719,81.4931,85.03,63,64,4.88,broken clouds
327,Shakiso,ET,5.75,38.9167,59.34,96,100,2.17,light rain
328,Vologda,RU,59.2187,39.8886,44.51,82,100,5.93,overcast clouds
329,Horuphav,DK,54.9102,9.8987,55.35,94,75,4.61,broken clouds
330,Hunsur,IN,12.3075,76.2878,80.22,68,100,4.47,overcast clouds
331,Skagen,DK,57.7209,10.5839,52.77,88,94,16.24,overcast clouds
332,Chopda,IN,21.25,75.3,86.99,30,47,10.0,scattered clouds
333,Mangrol,IN,21.1167,70.1167,89.19,39,56,8.14,broken clouds
334,Kheda,IN,22.75,72.6833,95.29,32,0,6.31,clear sky
335,Komsomolets,KZ,53.7453,62.0708,52.57,55,16,11.18,few clouds
336,Gombe,NG,10.2897,11.1673,77.02,80,100,7.36,overcast clouds
337,Fort-Shevchenko,KZ,44.5086,50.263,61.77,58,100,13.27,overcast clouds
338,Ust-Kulom,RU,61.6864,53.6902,42.31,75,69,5.66,broken clouds
339,Manali,IN,13.1667,80.2667,87.89,61,100,8.57,overcast clouds
340,Constantine,DZ,36.365,6.6147,56.61,82,0,2.3,clear sky
341,Tranas,SE,58.0372,14.9782,50.4,92,100,8.25,overcast clouds
342,Heinola,FI,61.2056,26.0381,48.0,96,100,7.74,overcast clouds
343,Weligama,LK,5.9667,80.4167,81.45,78,97,11.59,very heavy rain
344,Bolshaya Martynovka,RU,47.271,41.6679,51.87,48,0,13.09,clear sky
345,Masallatah,LY,32.6167,14.0,73.44,58,0,21.03,clear sky
346,Sambir,UA,49.5183,23.1975,53.28,73,100,5.57,overcast clouds
347,Morbegno,IT,46.1383,9.57,60.67,85,47,0.11,scattered clouds
348,Shubarkuduk,KZ,49.1447,56.4872,52.79,43,2,3.74,clear sky
349,Aksarka,RU,66.5606,67.7975,41.76,81,100,3.58,overcast clouds
350,Ordubad,AZ,38.9059,46.0234,69.39,48,92,4.5,overcast clouds
351,Szydlowiec,PL,51.2282,20.8611,53.15,74,8,8.3,clear sky
352,Usinsk,RU,65.9939,57.5281,37.54,75,97,2.71,overcast clouds
353,Golkoy,TR,40.6875,37.6178,53.01,88,100,2.93,overcast clouds
354,Kastamonu,TR,41.5,33.6667,50.02,56,97,5.17,overcast clouds
355,Agadez,NE,19.75,10.25,76.59,24,0,9.35,clear sky
356,Neyshabur,IR,36.2133,58.7958,74.7,12,0,2.84,clear sky
357,Qom,IR,34.6401,50.8764,81.07,14,1,1.1,clear sky
358,Biltine,TD,14.5333,20.9167,85.35,21,8,14.79,clear sky
359,Joensuu,FI,62.6012,29.7632,46.89,100,100,9.22,overcast clouds
360,Bogovarovo,RU,58.9785,47.0246,40.3,75,18,4.21,few clouds
361,Buturlino,RU,55.5667,44.8974,41.5,65,16,5.95,few clouds
362,Eydhafushi,MV,5.1033,73.0708,81.77,77,28,11.27,scattered clouds
363,Saumur,FR,47.3333,-0.25,64.04,86,100,12.91,overcast clouds
364,Shubarshi,KZ,48.5872,57.1869,53.56,43,0,1.52,clear sky
365,Ulagan,RU,50.6321,87.9563,52.39,19,34,0.67,scattered clouds
366,Sarkand,KZ,45.41,79.9186,70.54,11,100,6.55,overcast clouds
367,Jibuti,DJ,11.5,42.5,84.85,42,4,16.91,clear sky
368,Ludwigsfelde,DE,52.3,13.2667,59.02,97,40,5.75,scattered clouds
369,Khor,RU,47.8861,134.9464,60.6,63,1,4.47,clear sky
370,Algiers,DZ,36.7525,3.042,57.02,82,20,1.14,few clouds
371,Chas,IN,23.6333,86.1667,86.04,49,1,5.53,clear sky
372,Abonnema,NG,4.7084,6.7931,74.89,88,100,3.06,overcast clouds
373,Karavayevo,RU,55.2961,37.9622,44.17,75,75,4.47,broken clouds
374,Sukhumi,GE,43.0033,41.0153,63.16,63,100,1.3,overcast clouds
375,Nizwa,OM,22.9333,57.5333,89.22,12,0,5.03,clear sky
376,Rudnya,RU,54.947,31.0934,43.47,76,69,10.92,broken clouds
377,Baherden,TM,38.4362,57.4316,79.3,18,0,5.68,clear sky
378,Sinnai,IT,39.3042,9.2036,69.51,81,20,3.44,few clouds
379,Slavutych,UA,51.5196,30.7343,47.19,61,17,4.0,few clouds
380,Ostroda,PL,53.6967,19.9649,53.42,82,100,10.47,overcast clouds
381,Agropoli,IT,40.3469,14.9966,65.08,53,0,3.11,clear sky
382,Dingli,MT,35.8614,14.3822,71.82,78,20,4.61,few clouds
383,Iseyin,NG,7.9667,3.6,73.17,93,97,4.65,overcast clouds
384,Gudari,IN,19.35,83.7833,84.6,77,50,2.91,scattered clouds
385,Fehervarcsurgo,HU,47.2935,18.2646,54.48,70,100,6.55,overcast clouds
386,Tarko-Sale,RU,64.9225,77.785,38.91,68,100,16.04,overcast clouds
387,Qandala,SO,11.472,49.8728,85.57,54,11,6.35,few clouds
388,Dedovichi,RU,57.5517,29.9502,45.84,81,96,8.77,overcast clouds
389,Hammerfest,NO,70.6634,23.6821,39.65,81,16,8.05,few clouds
390,Saint-Omer,FR,50.75,2.1667,60.49,95,100,8.84,overcast clouds
391,Mogadishu,SO,2.0371,45.3438,84.07,74,75,11.5,broken clouds
392,Temyasovo,RU,52.9933,58.1014,43.12,65,26,12.1,scattered clouds
393,Ndele,CF,8.4109,20.6473,79.74,75,100,1.59,overcast clouds
394,Timra,SE,62.487,17.3257,44.67,93,100,4.61,overcast clouds
395,Aragats,AM,40.4889,44.3528,45.97,65,100,6.49,overcast clouds
396,Kapoeta,SS,4.7717,33.5903,86.27,37,100,21.23,overcast clouds
397,Sovetskaya,RU,44.7769,41.1722,55.69,62,41,12.03,scattered clouds
398,Kovdor,RU,67.5662,30.4758,37.67,93,98,4.05,overcast clouds
399,Aktau,KZ,43.65,51.2,63.18,49,100,7.87,overcast clouds
400,Tukrah,LY,32.5341,20.5791,72.21,66,39,19.71,light rain
401,Dangara,IN,29.6799,75.8931,87.73,30,0,5.23,clear sky
402,Pitsunda,GE,43.1592,40.3378,62.78,63,100,2.28,overcast clouds
403,Atasu,KZ,48.6814,71.6433,66.2,16,100,9.31,overcast clouds
404,Lulea,SE,65.5842,22.1547,48.27,93,100,12.66,overcast clouds
405,Altay,CN,47.8667,88.1167,56.61,22,3,4.0,clear sky
406,Belyy Yar,RU,53.6039,91.3903,44.49,46,0,4.47,clear sky
407,Beni,CD,0.5,29.4667,69.67,83,100,1.01,overcast clouds
408,Pinerolo,IT,44.8833,7.35,60.64,90,11,1.5,few clouds
409,Staryy Oskol,RU,51.2967,37.8417,44.02,58,42,1.41,scattered clouds
410,Kristinehamn,SE,59.3098,14.1081,50.56,88,100,11.3,overcast clouds
411,Srivardhan,IN,18.0333,73.0167,86.4,62,57,3.2,broken clouds
412,Zakharovo,RU,54.366,39.2792,43.75,68,21,5.55,few clouds
413,Tromso,NO,69.6496,18.957,38.37,86,0,3.44,clear sky
414,Mesagne,IT,40.5588,17.8083,67.24,60,0,12.66,clear sky
415,Tazmalt,DZ,36.3868,4.3989,69.78,41,1,2.57,clear sky
416,Benghazi,LY,32.1167,20.0667,73.96,64,4,20.04,light rain
417,Rosetta,EG,31.4044,30.4164,74.97,59,20,11.16,few clouds
418,Kapfenberg,AT,47.454,15.2702,55.53,96,100,1.25,light rain
419,Smyshlyayevka,RU,53.2391,50.3907,45.64,71,100,9.04,overcast clouds
420,Calabar,NG,4.9517,8.322,74.48,91,98,2.95,overcast clouds
421,Sultanpur,IN,26.2667,82.0667,85.48,39,0,3.87,clear sky
422,Rameswaram,IN,9.2833,79.3,82.72,72,100,3.98,overcast clouds
423,Nema,RU,57.5067,50.5011,42.26,85,100,7.65,overcast clouds
424,Semnan,IR,35.5729,53.3971,80.44,13,0,2.3,clear sky
425,Gravdal,NO,68.1214,13.5031,44.87,71,51,14.12,broken clouds
426,Skegness,GB,53.1436,0.3363,52.34,88,82,20.27,broken clouds
427,Parvatsar,IN,26.8833,74.7667,87.53,18,0,4.92,clear sky
428,Taywarah,AF,33.35,64.4167,59.9,13,0,6.17,clear sky
429,Ghatanji,IN,20.1333,78.3167,77.58,78,76,7.11,broken clouds
430,Urdoma,RU,61.7533,48.5442,38.23,85,99,3.65,overcast clouds
431,Havoysund,NO,70.9963,24.6622,39.43,76,24,13.11,few clouds
432,Yenagoa,NG,4.9247,6.2642,75.65,89,98,2.75,overcast clouds
433,Urumqi,CN,43.801,87.6005,65.35,15,0,6.71,clear sky
434,Gornopravdinsk,RU,60.05,69.9,46.8,70,100,6.78,overcast clouds
435,Gevgelija,MK,41.1392,22.5025,59.74,65,8,6.98,clear sky
436,Emba,KZ,48.8264,58.1442,52.83,44,0,4.03,clear sky
437,Pandhurna,IN,21.6,78.5167,81.03,58,71,8.08,broken clouds
438,Abha,SA,18.2164,42.5053,73.22,13,0,6.91,clear sky
439,Kayerkan,RU,69.3497,87.7602,32.52,100,100,19.57,snow
440,Bud,US,39.447,-86.1758,53.62,82,78,6.13,broken clouds
441,Anloga,GH,5.7947,0.8973,78.31,84,87,12.66,overcast clouds
442,Tabas,IR,33.5959,56.9244,84.42,12,0,2.3,clear sky
443,Marand,IR,38.4329,45.7749,66.78,37,100,4.88,overcast clouds
444,Kollo,NE,13.3043,2.339,81.03,61,75,5.86,broken clouds
445,Bouar,CF,5.934,15.596,69.53,87,100,0.98,overcast clouds
446,Muscat,OM,23.6139,58.5922,89.62,28,0,4.61,clear sky
447,Arkhangelsk,RU,64.5401,40.5433,46.51,100,100,2.24,overcast clouds
448,Koson,UZ,39.0375,65.585,82.72,11,3,4.72,clear sky
449,Zaltan,LY,32.947,11.8665,73.18,60,7,6.04,clear sky
450,Keti Bandar,PK,24.1447,67.4497,89.89,36,0,13.11,clear sky
451,Brnakot,AM,39.497,45.9731,61.54,42,98,2.77,overcast clouds
452,Moissala,TD,8.3404,17.7663,78.15,81,100,4.85,overcast clouds
453,Shetpe,KZ,44.1667,52.1167,59.97,50,100,7.18,overcast clouds
454,Meshchovsk,RU,54.3244,35.2808,42.64,70,60,7.31,broken clouds
455,Kiruna,SE,67.8557,20.2251,31.12,100,100,0.0,fog
456,Ustyuzhna,RU,58.8394,36.4321,44.83,79,100,7.31,overcast clouds
457,Yola,NG,9.2,12.4833,76.82,88,20,6.91,few clouds
458,Alakurtti,RU,66.9672,30.3491,39.81,94,86,2.53,overcast clouds
459,Wagrowiec,PL,52.8084,17.1996,54.14,92,100,10.56,light rain
460,Gurlan,UZ,41.8447,60.3919,73.31,26,24,12.08,few clouds
461,Ellenabad,IN,29.45,74.65,89.44,20,0,3.87,clear sky
462,Klyuchi,RU,52.2667,79.1667,59.4,26,100,3.78,overcast clouds
463,Salihorsk,BY,52.7876,27.5415,46.62,75,18,11.14,few clouds
464,Krasnoborsk,RU,61.5598,45.934,41.34,89,100,4.56,overcast clouds
465,Khulna,BD,22.8135,89.5672,89.33,60,43,7.05,scattered clouds
466,Beni Mazar,EG,28.4962,30.8029,77.65,47,0,1.45,clear sky
467,Gayeri,BF,12.6497,0.4931,77.23,74,72,7.14,broken clouds
468,Liepaja,LV,56.5419,21.0367,49.98,93,100,6.91,overcast clouds
469,Lieksa,FI,63.3167,30.0167,47.55,95,100,9.28,overcast clouds
470,Hazorasp,UZ,41.3194,61.0742,69.64,22,6,11.7,clear sky
471,Alexandria,EG,31.2156,29.9553,76.96,61,40,5.75,scattered clouds
472,Naliya,IN,23.2667,68.8333,93.0,25,15,9.95,few clouds
473,Norwich,GB,52.6278,1.2983,52.25,97,100,6.91,mist
474,Yantarnyy,RU,54.8717,19.9381,50.76,82,100,16.71,overcast clouds
475,Kavarna,BG,43.4333,28.3333,58.57,73,100,19.33,overcast clouds
476,Aras,ES,42.5617,-2.356,45.03,93,0,3.44,clear sky
477,Minervino Murge,IT,41.0843,16.0784,54.23,78,1,4.59,clear sky
478,Shyryayeve,UA,47.3805,30.1964,48.76,49,46,8.16,scattered clouds
479,Gezing,AT,47.9178,13.1299,56.97,96,75,11.5,light rain
480,Ust-Tsilma,RU,65.441,52.1498,37.81,95,100,3.47,overcast clouds
481,Oksfjord,NO,70.2396,22.3479,42.98,85,12,9.62,few clouds
482,Baghdad,IQ,33.3406,44.4009,87.71,22,8,11.5,clear sky
483,Porto Torres,IT,40.835,8.3972,66.38,78,16,7.94,few clouds
484,Hurghada,EG,27.2574,33.8129,80.64,39,0,11.5,clear sky
485,Cariati,IT,39.4922,16.9594,65.73,75,21,10.63,few clouds
486,Loukhi,RU,66.0764,33.0381,44.11,93,52,4.25,broken clouds
487,Peski,RU,55.2163,38.7626,43.83,70,49,5.66,scattered clouds
488,Novoagansk,RU,61.9449,76.6625,40.75,66,97,12.93,overcast clouds
489,Antsla,EE,57.8256,26.5406,46.83,85,100,7.63,overcast clouds
490,Oytal,KZ,42.9057,73.2697,74.68,11,13,4.61,few clouds
491,Priupskiy,RU,53.9096,37.736,42.75,68,15,5.21,few clouds
492,Izhevskoye,RU,54.5567,40.8703,43.9,65,26,4.41,scattered clouds
493,Toda Raisingh,IN,26.0252,75.4849,86.52,24,0,3.24,clear sky
494,Lenger,KZ,42.183,69.8839,71.04,15,51,6.2,broken clouds
495,Storforshei,NO,66.4043,14.5233,47.98,66,100,11.5,overcast clouds
496,Limoux,FR,42.9167,2.1667,63.7,79,5,2.95,clear sky
497,Praskoveya,RU,44.7444,44.2031,58.37,74,100,7.85,overcast clouds
498,Ereymentau,KZ,51.6199,73.1033,59.43,38,87,6.85,overcast clouds
499,Khoy,IR,38.5504,44.9535,63.12,59,75,2.3,broken clouds
500,Slupca,PL,52.2873,17.8719,53.2,83,100,8.77,overcast clouds
501,Surt,LY,31.2089,16.5887,76.32,57,10,18.28,clear sky
502,Jabinyanah,TN,35.035,10.9081,69.6,61,5,8.86,clear sky
503,Umm Lajj,SA,25.0213,37.2685,84.9,42,0,5.77,clear sky
504,Rafsanjan,IR,30.4067,55.9939,76.46,14,0,1.1,clear sky
505,Egra,CZ,50.0796,12.3739,56.34,100,100,4.5,overcast clouds
506,Turayf,SA,31.6725,38.6637,73.65,53,0,11.5,clear sky
507,Sheksna,RU,59.21,38.5107,46.36,83,97,6.26,overcast clouds
508,Kalmunai,LK,7.4167,81.8167,85.17,68,94,3.18,overcast clouds
509,Aleksandrovskoye,RU,44.7142,43.0008,53.1,69,100,8.86,overcast clouds
510,Saryozek,KZ,44.3583,77.9753,72.46,8,100,2.46,overcast clouds
511,Zhezkazgan,KZ,47.8043,67.7144,57.18,38,40,6.71,scattered clouds
512,Tahta,EG,26.7693,31.5021,77.13,42,0,6.67,clear sky
513,Mardin,TR,37.3131,40.7436,70.86,36,75,2.3,broken clouds
514,Meulaboh,ID,4.1363,96.1285,81.64,74,70,4.23,broken clouds
515,Kifri,IQ,34.6959,44.9661,88.97,14,5,11.7,clear sky
516,Ratnagiri,IN,16.9833,73.3,84.94,71,42,5.84,scattered clouds
517,Staritsa,RU,56.5075,34.9354,43.25,76,100,7.27,overcast clouds
518,Lagos,NG,6.5833,3.75,79.12,87,98,3.44,overcast clouds
519,Uglovskoye,RU,51.3557,80.1942,63.09,20,100,3.85,overcast clouds
520,Gaya,IN,24.7833,85.0,87.71,42,40,0.0,haze
521,Kresttsy,RU,58.2452,32.5165,45.55,81,16,7.45,few clouds
522,Veraval,IN,20.9,70.3667,89.08,41,14,8.39,few clouds
523,Sant Feliu De Guixols,ES,41.7833,3.0333,66.15,63,5,5.41,clear sky
524,Aleppo,SY,36.25,37.5,73.22,55,100,8.01,overcast clouds
525,Sherbakul,RU,54.6316,72.3963,55.65,45,100,6.31,overcast clouds
526,Bosaso,SO,11.2842,49.1816,84.18,74,0,11.5,clear sky
527,Ivdel,RU,60.6911,60.4206,42.33,90,100,2.93,overcast clouds
528,Roros,NO,62.5747,11.3842,37.24,93,100,2.3,light rain
529,Dembi Dolo,ET,8.5333,34.8,64.92,82,34,1.12,light rain
530,Sernovodsk,RU,43.3117,45.1594,59.99,79,100,3.71,overcast clouds
531,Ust-Charyshskaya Pristan,RU,52.3934,83.6635,57.9,28,11,2.17,few clouds
532,Pleshanovo,RU,52.8333,53.4833,44.73,68,43,10.09,scattered clouds
533,Amalner,IN,21.05,75.0667,86.09,34,66,9.26,broken clouds
534,Horodkivka,UA,49.9068,28.9847,47.01,60,5,10.04,clear sky
535,Samoded,RU,63.6083,40.5111,45.1,91,99,5.53,overcast clouds
536,Chatellerault,FR,46.8,0.5333,63.55,1,100,17.43,overcast clouds
537,Kaka,TM,37.3482,59.6143,79.97,8,3,7.99,clear sky
538,Igrim,RU,63.1906,64.4162,42.46,75,97,3.85,overcast clouds
539,Burgthann,DE,49.352,11.3115,57.78,97,100,11.12,overcast clouds
540,Chabahar,IR,25.2919,60.643,84.16,46,0,7.63,clear sky
541,Hashtrud,IR,37.4779,47.0508,70.48,20,99,24.52,overcast clouds
542,Muli,MV,2.9167,73.5667,79.75,81,48,17.65,scattered clouds
543,Natitingou,BJ,10.3042,1.3796,73.13,91,63,2.42,broken clouds
544,Dharan,NP,26.8125,87.2835,81.75,62,1,4.97,clear sky
545,Purpe,RU,64.4803,76.6897,39.52,66,100,16.69,overcast clouds
546,Beyneu,KZ,45.3167,55.2,59.99,59,100,14.41,overcast clouds
547,Biu,NG,10.6129,12.1946,74.93,68,98,3.18,overcast clouds
548,Benicarlo,ES,40.4165,0.4271,67.24,72,9,8.46,clear sky
549,Zhanaozen,KZ,43.3,52.8,62.11,39,100,11.36,overcast clouds
550,Fereydun Kenar,IR,36.6864,52.5225,79.02,61,0,0.0,clear sky
551,Ushtobe,KZ,45.2514,77.9838,76.57,9,82,7.61,broken clouds
552,Gemena,CD,3.25,19.7667,73.69,93,100,3.29,overcast clouds
553,Mahibadhoo,MV,3.7833,72.9667,80.38,80,68,18.05,broken clouds
554,Sirnak,TR,37.5228,42.4594,66.27,28,95,8.43,overcast clouds
555,Kamennogorsk,RU,60.9545,29.1339,48.52,89,95,6.42,overcast clouds
556,Robat Karim,IR,35.4846,51.0829,80.46,16,20,9.22,few clouds
557,Kassala,SD,15.451,36.4,91.53,33,0,7.34,clear sky
558,Verkhnetulomskiy,RU,68.6073,31.7962,41.13,91,82,2.8,broken clouds
559,Mubarakpur,IN,26.09,83.2922,85.93,42,0,4.79,clear sky
560,Deogarh,IN,21.5333,84.7333,86.04,64,15,3.65,few clouds
561,Dudinka,RU,69.4058,86.1778,33.62,92,100,17.2,light snow
562,Staryy Nadym,RU,65.6118,72.6842,39.51,76,100,12.08,overcast clouds
563,Saint-Dizier,FR,48.4167,5.0833,58.6,94,100,14.32,overcast clouds
564,Luba,GQ,3.4568,8.5547,76.89,91,100,2.89,light rain
565,Khipro,PK,25.8285,69.3772,96.58,13,0,3.98,clear sky
566,Ukmerge,LT,55.25,24.75,46.67,82,100,11.81,overcast clouds
567,Nisporeni,MD,47.0814,28.1783,52.39,49,97,7.52,overcast clouds
568,Heiligenhafen,DE,54.3667,10.9833,54.75,93,81,12.53,broken clouds
569,Bereda,ES,43.2686,-7.5406,60.15,96,100,4.29,overcast clouds
570,Bani Walid,LY,31.7566,13.9942,70.72,65,0,14.36,clear sky
571,Ugoofaaru,MV,5.6667,73.0,81.86,77,92,11.18,overcast clouds
572,Ler,SS,8.3018,30.1418,74.21,92,100,4.34,overcast clouds
573,Romanovka,RU,51.7443,42.7527,43.97,58,18,4.9,few clouds
574,Kozhva,RU,65.1073,57.0459,38.35,76,92,2.51,overcast clouds
575,Solikamsk,RU,59.6196,56.7729,45.23,88,100,3.83,overcast clouds
576,Nakapiripirit,UG,1.9167,34.7833,77.23,43,100,7.92,overcast clouds
577,Andenes,NO,69.3143,16.1194,42.93,81,0,6.91,clear sky
578,Hangu,CN,39.2489,117.7892,75.24,36,100,8.48,overcast clouds
579,Wadi Musa,JO,30.3222,35.4793,67.48,42,100,2.42,overcast clouds
580,Derzhavinsk,KZ,51.1,66.3167,56.3,41,100,7.96,overcast clouds
581,Kisangani,CD,0.5167,25.2,78.62,73,100,2.01,overcast clouds
582,Kabelvag,NO,68.2114,14.4817,41.02,73,34,12.06,scattered clouds
583,Abu Dhabi,AE,24.4667,54.3667,91.51,35,0,2.3,clear sky
584,Avesta,SE,60.1455,16.1679,48.79,98,100,7.65,overcast clouds
585,Pratapgarh,IN,24.0333,74.7833,83.23,36,0,4.52,clear sky
586,Beeskow,DE,52.1667,14.25,56.34,93,49,6.67,scattered clouds
587,Semirom,IR,31.4167,51.5667,63.45,15,0,2.13,clear sky
588,Bakchar,RU,57.0186,82.0711,43.05,44,100,5.12,overcast clouds
589,Muzhi,RU,65.3667,64.6667,41.56,82,100,2.1,overcast clouds
590,Port-Gentil,GA,-0.7193,8.7815,76.96,94,75,5.75,light rain
591,Bogande,BF,12.9714,-0.1436,78.85,68,100,7.11,overcast clouds
592,Kuvshinovo,RU,57.0295,34.1725,42.82,81,100,6.42,overcast clouds
593,Bunia,CD,1.5667,30.25,74.41,67,100,3.15,light rain
594,Annau,TM,37.8876,58.516,78.3,27,0,4.61,clear sky
595,Horadiz,AZ,39.4488,47.3353,63.37,68,100,3.58,overcast clouds
596,Pori,FI,61.4833,21.7833,51.87,93,75,8.05,broken clouds
597,Almaty,KZ,43.25,76.95,69.71,15,75,2.24,broken clouds
598,Niny,RU,44.4878,43.9489,59.86,76,100,5.91,overcast clouds
599,Ubinskoye,RU,55.3068,79.6802,46.47,44,100,7.78,overcast clouds
600,De Panne,BE,51.0792,2.5917,57.24,87,100,5.75,overcast clouds
601,Skjervoy,NO,70.0311,20.9714,39.2,73,6,15.21,clear sky
602,Makat,KZ,47.6469,53.3463,55.85,46,100,11.01,overcast clouds
603,Botngard,NO,63.7653,9.8111,47.77,87,75,20.71,broken clouds
604,Sidi Bin Nur,TN,35.5333,10.9167,71.51,61,5,12.01,clear sky
605,Kathmandu,NP,27.7167,85.3167,79.02,47,20,4.61,few clouds
606,Nadym,RU,65.5333,72.5167,39.67,77,100,12.41,overcast clouds
607,Nikolskiy,RU,60.9151,34.0645,45.16,85,77,6.91,broken clouds
608,Oum Hadjer,TD,13.2954,19.6966,87.28,22,8,14.56,clear sky
609,Brunico,IT,46.7958,11.9364,56.08,100,100,0.83,overcast clouds
610,Great Yarmouth,GB,52.6083,1.7305,52.02,92,97,13.18,overcast clouds
611,Adet,ET,11.2644,37.4888,64.24,75,3,6.08,light rain
612,Hudiksvall,SE,61.729,17.1036,46.53,91,100,6.87,overcast clouds
613,Vuktyl,RU,63.8567,57.3094,40.98,78,100,5.35,overcast clouds
614,Sindor,RU,62.8629,51.8905,39.16,70,69,4.03,broken clouds
615,Akhmim,EG,26.5622,31.745,75.4,38,0,8.08,clear sky
616,Kishtwar,IN,33.3167,75.7667,73.4,28,0,4.74,clear sky
617,Kruje,AL,41.5092,19.7928,53.62,94,0,3.44,clear sky
618,Rudbar,AF,30.15,62.6,85.86,9,0,3.76,clear sky
619,Zaozerne,UA,45.1582,33.2787,56.44,59,8,23.26,clear sky
620,Ibra,OM,22.6906,58.5334,89.38,13,1,1.52,clear sky
621,Emet,TR,39.343,29.2585,56.03,83,98,4.12,overcast clouds
622,Mikkeli,FI,61.6886,27.2723,48.31,100,100,6.91,overcast clouds
623,Jatara,IN,25.0167,79.05,83.14,44,1,1.28,clear sky
624,Sohag,EG,26.557,31.6948,75.49,39,0,8.23,clear sky
625,Rentina,GR,40.6574,23.614,60.78,74,95,4.0,overcast clouds
626,Kuznetsk,RU,53.1167,46.6004,42.19,63,15,7.0,few clouds
627,Winsum,NL,53.33,6.5208,53.98,98,57,11.77,broken clouds
628,Ilyich,KZ,40.8464,68.5067,80.22,12,5,3.51,clear sky
629,Ordzhonikidze,KZ,52.4411,61.7408,52.07,56,71,11.3,broken clouds
630,Folkestone,GB,51.0833,1.1833,60.53,100,98,5.01,light rain
631,Strezhevoy,RU,60.7333,77.5889,41.77,62,100,12.68,overcast clouds
632,Kumluca,TR,36.3703,30.2869,72.45,64,16,4.74,few clouds
633,Vozhega,RU,60.4725,40.2213,42.96,93,100,5.26,light rain
634,Salgotarjan,HU,48.0987,19.803,53.6,77,100,2.48,overcast clouds
635,Ronne,DK,55.1009,14.7066,55.31,94,75,13.8,broken clouds
636,Villefranche-De-Rouergue,FR,44.3333,2.0,54.37,94,2,2.44,clear sky
637,Pokhara,NP,28.2333,83.9833,77.65,61,14,6.06,few clouds
638,Gao,ML,16.6362,1.637,83.79,19,0,7.23,clear sky
639,Kvarkeno,RU,52.0833,59.725,49.19,52,10,12.84,clear sky
640,Jurilovca,RO,44.7667,28.8667,50.09,57,100,14.34,overcast clouds
641,Mecca,SA,21.4267,39.8261,90.0,37,12,2.86,few clouds
642,Gueret,FR,46.1667,1.8667,57.31,87,100,10.74,overcast clouds
643,Dahuk,IQ,36.8695,42.994,80.33,20,53,13.73,broken clouds
644,Kirov,RU,58.5966,49.6601,39.27,85,100,6.08,overcast clouds
645,Maarianhamina,AX,60.0973,19.9348,53.46,94,20,13.8,few clouds
646,Turinsk,RU,58.0458,63.696,51.06,65,100,7.96,overcast clouds
647,Mirskoy,RU,45.5439,40.3998,56.73,50,0,16.58,clear sky
648,Dolzhanskaya,RU,46.6311,37.8039,52.45,52,2,21.99,clear sky
649,Kalevala,RU,65.2,31.1667,45.12,90,96,7.49,overcast clouds
650,Lukovetskiy,RU,64.2956,41.9211,44.15,97,100,4.9,overcast clouds
651,Balotra,IN,25.8333,72.2333,94.75,14,0,2.42,clear sky
652,Tafresh,IR,34.692,50.013,72.07,15,2,7.74,clear sky
653,Busayra,JO,30.7376,35.6078,68.22,42,97,3.2,overcast clouds
654,Ouadda,CF,8.0777,22.4007,82.6,55,100,2.51,overcast clouds
655,Novosheshminsk,RU,55.0651,51.2338,43.32,82,100,11.39,overcast clouds
656,Pushkar,IN,26.5,74.55,88.02,17,0,5.21,clear sky
657,Vagay,RU,57.9375,69.0217,53.69,59,98,6.2,overcast clouds
658,Novyye Burasy,RU,52.1324,46.0714,44.8,55,11,8.34,few clouds
659,Lowestoft,GB,52.4752,1.7516,52.23,96,71,13.62,broken clouds
660,Elena,BG,42.9333,25.8833,47.52,62,94,5.35,overcast clouds
661,Ozinki,RU,51.1786,49.6769,46.67,55,100,8.57,overcast clouds
662,Trofors,NO,65.5333,13.4063,39.07,97,100,5.26,overcast clouds
663,Gebze,TR,40.8028,29.4307,60.06,100,75,13.8,light intensity shower rain
664,Sarai Naurang,PK,32.8259,70.7814,91.15,14,0,4.43,clear sky
665,Kargopol,RU,61.5071,38.9456,43.7,92,100,5.68,overcast clouds
666,Mumford,GH,5.2618,-0.759,78.15,82,98,10.78,overcast clouds
667,Zaykovo,RU,57.5613,62.7568,52.11,63,96,6.89,light rain
668,Bajil,YE,15.0584,43.2851,92.59,41,2,5.7,clear sky
669,Udhampur,IN,32.9333,75.1333,78.96,45,0,6.26,clear sky
670,Cove,BJ,7.221,2.3402,76.15,87,100,4.83,overcast clouds
671,Sierpc,PL,52.8568,19.6691,52.95,72,33,12.73,scattered clouds
672,Bria,CF,6.5423,21.9863,81.23,74,100,2.28,overcast clouds
673,Marfino,RU,55.7028,37.3822,42.94,75,75,4.47,broken clouds
674,Vikulovo,RU,56.8167,70.6107,53.71,53,100,7.81,overcast clouds
675,Lodwar,KE,3.1191,35.5973,89.67,33,79,16.75,broken clouds
676,Mahon,ES,39.8885,4.2658,68.56,94,20,1.14,few clouds
677,Krasnovishersk,RU,60.4078,57.082,44.15,91,100,4.14,overcast clouds
678,Nurlat,RU,54.4277,50.8051,43.25,71,100,11.07,overcast clouds
679,Karpathos,GR,35.507,27.2132,66.16,88,20,10.36,light rain
680,Teya,RU,60.3778,92.6267,37.65,64,96,3.36,overcast clouds
681,Torcy,FR,48.8389,2.6509,62.26,98,99,1.99,overcast clouds
682,Kagoro,NG,9.6,8.3833,73.85,74,100,1.5,overcast clouds
683,Okulovka,RU,58.4008,33.2908,47.73,73,77,8.34,broken clouds
684,Valls,ES,41.2861,1.2499,66.49,92,20,6.91,few clouds
685,Rovaniemi,FI,66.5,25.7167,45.81,100,75,9.22,broken clouds
686,Dukhovshchina,RU,55.1919,32.4111,44.44,71,100,8.48,overcast clouds
687,Donskoye,RU,45.4552,41.9741,50.13,54,15,12.93,few clouds
688,Minna,NG,9.6139,6.5569,73.11,94,75,4.61,broken clouds
689,Kalachinsk,RU,55.0529,74.5751,54.91,40,100,3.38,overcast clouds
690,Skibotn,NO,69.3913,20.2679,41.52,89,96,12.59,overcast clouds
691,Tarnogskiy Gorodok,RU,60.4997,43.5761,44.38,86,100,5.14,overcast clouds
692,Gornyy,RU,55.1153,83.9059,49.15,34,21,7.23,few clouds
693,Brand-Erbisdorf,DE,50.8667,13.3333,54.95,93,99,6.4,overcast clouds
694,Finnsnes,NO,69.2296,17.9811,33.76,79,97,5.59,overcast clouds
695,Iskateley,RU,67.6803,53.1512,39.74,93,100,5.64,overcast clouds
696,Exaplatanos,GR,40.9772,22.125,60.21,61,17,2.59,few clouds
697,Bara,NG,10.3744,10.7288,78.58,73,100,6.06,overcast clouds
698,Muzaffargarh,PK,30.0754,71.1921,91.42,11,0,3.44,clear sky
699,Hargeysa,SO,9.56,44.065,80.13,32,2,5.1,clear sky
700,Beisfjord,NO,68.3751,17.5988,44.65,79,100,8.08,overcast clouds
701,Negombo,LK,7.2083,79.8358,80.65,89,40,9.22,light rain
702,Teterow,DE,53.7833,12.5667,55.56,91,100,7.34,overcast clouds
703,Voznesenye,RU,61.0106,35.4781,47.86,78,92,8.61,overcast clouds
704,Pavlohrad,UA,48.5167,35.8667,50.32,47,0,10.6,clear sky
705,Berbera,SO,10.4396,45.0143,88.83,48,0,10.18,clear sky
706,Maridi,SS,4.9158,29.4742,77.5,76,98,2.86,light rain
707,Wajir,KE,1.7471,40.0573,82.36,51,75,10.36,broken clouds
708,Mizan Teferi,ET,6.9833,35.5833,76.39,56,4,2.68,light rain
709,Krasnoselkup,RU,65.7,82.4667,37.26,71,100,15.03,overcast clouds
710,Businga,CD,3.3333,20.8833,81.32,72,100,3.2,light rain
711,Ahja,EE,58.2091,27.0734,47.25,81,100,7.78,overcast clouds
712,Tortoli,IT,39.9256,9.6572,67.82,64,20,10.36,few clouds
713,Anzhero-Sudzhensk,RU,56.081,86.0285,45.61,39,67,3.94,broken clouds
714,Velyka Pysarivka,UA,50.4259,35.485,46.78,56,2,5.32,clear sky
715,Carnot,CF,4.9409,15.8665,75.45,84,100,0.72,overcast clouds
716,Surgut,RU,61.25,73.4167,42.98,60,0,8.99,clear sky
717,Senno,RU,59.5336,33.9167,47.26,74,43,7.96,scattered clouds
718,Motala,SE,58.5371,15.0365,51.8,95,100,3.0,overcast clouds
719,Bernay,FR,49.1667,0.6667,60.62,95,89,10.0,overcast clouds
720,Ertil,RU,51.8406,40.8056,44.96,56,12,4.21,few clouds
721,Yabassi,CM,4.457,9.9682,78.91,83,91,2.46,overcast clouds
722,Lebedyn,UA,50.5852,34.4849,47.35,56,5,6.13,clear sky
723,Diffa,NE,13.3154,12.6113,90.05,16,13,13.49,few clouds
724,Shahrud,IR,36.4182,54.9763,76.23,17,2,9.13,clear sky
725,Muromtsevo,RU,56.3724,75.2418,52.66,39,83,5.12,broken clouds
726,Nola,IT,40.922,14.5329,70.39,90,3,1.88,clear sky
727,Oparino,RU,59.8518,48.2783,41.47,70,9,4.34,clear sky
728,Abadan,IR,30.3392,48.3043,93.15,22,0,2.3,clear sky
729,Arvika,SE,59.6553,12.5852,50.61,94,100,8.28,overcast clouds
730,Yelniki,RU,54.6207,43.876,37.53,59,21,5.08,few clouds
731,Brae,GB,60.3964,-1.353,48.54,70,92,19.24,overcast clouds
732,Waw,SS,7.7029,27.9953,73.69,87,100,3.69,overcast clouds
733,Koygorodok,RU,60.445,50.9968,42.94,73,60,5.64,broken clouds
734,Konevo,RU,62.1215,39.3192,44.24,93,100,5.5,overcast clouds
735,Bam,IR,29.106,58.357,87.84,7,0,8.66,clear sky
736,Aksehir,TR,38.3575,31.4164,62.53,51,16,4.16,few clouds
737,Sal,JO,32.5694,35.9119,71.55,53,45,3.6,scattered clouds
738,Sargatskoye,RU,55.6101,73.4972,56.44,45,100,6.13,overcast clouds
739,Farsund,NO,58.0948,6.8047,47.95,81,1,3.4,clear sky
740,Brumunddal,NO,60.881,10.9395,49.32,83,58,9.24,broken clouds
741,Maloy,NO,61.9353,5.1136,44.33,17,43,18.88,scattered clouds
742,Akdepe,TM,42.0551,59.3788,73.49,24,40,10.74,scattered clouds
743,Micomeseng,GQ,2.1462,10.6164,73.65,89,99,2.08,light rain
744,Sigmaringen,DE,48.0833,9.2167,57.63,95,100,8.32,overcast clouds
745,Patitirion,GR,39.15,23.8667,62.15,78,100,30.98,overcast clouds
746,Delcevo,MK,41.9672,22.7694,54.66,65,7,4.99,clear sky
747,Morozovsk,RU,48.3539,41.8261,50.23,51,0,9.8,clear sky
748,Krasnyy Oktyabr,RU,56.1167,38.8833,45.73,67,75,4.45,broken clouds
749,Shieli,KZ,44.1667,66.75,68.2,28,95,12.59,overcast clouds
750,Nyuksenitsa,RU,60.4128,44.2397,43.3,87,98,5.3,overcast clouds
751,Hamina,FI,60.5697,27.1979,49.28,89,100,14.23,overcast clouds
752,Rosbach,DE,50.8,7.6167,57.42,97,100,5.21,overcast clouds
753,Balkanabat,TM,39.5108,54.3671,79.07,23,88,3.33,overcast clouds
754,Znamensk,RU,48.5842,45.7338,53.02,53,7,10.42,clear sky
755,Mehriz,IR,31.5917,54.4318,81.1,12,0,5.1,clear sky
756,Derbent,RU,42.0678,48.2899,64.42,79,100,6.24,light rain
757,Ylojarvi,FI,61.5563,23.5961,51.78,92,75,9.22,broken clouds
758,Artyom,AZ,40.4723,50.333,69.94,63,100,10.51,overcast clouds
759,Danilovka,RU,50.3557,44.1168,48.06,49,8,7.0,clear sky
760,Doha,QA,25.2867,51.5333,91.38,55,0,10.36,clear sky
761,East Grinstead,GB,51.1238,-0.0061,57.94,97,10,1.99,clear sky
762,Floro,NO,61.5996,5.0328,44.56,87,40,10.36,scattered clouds
763,Egtved,DK,55.618,9.301,53.71,100,100,2.3,fog
764,Scarborough,GB,54.2797,-0.4044,51.93,91,95,8.01,overcast clouds
765,Yarkovo,RU,57.4028,67.0786,53.56,57,89,7.2,overcast clouds
766,Khandbari,NP,27.3747,87.2039,78.35,58,3,4.65,clear sky
767,Edea,CM,3.8,10.1333,80.1,81,97,1.16,overcast clouds
768,Severnyy,RU,50.677,36.5532,44.64,65,0,4.47,clear sky
769,Marsaxlokk,MT,35.8419,14.5431,74.08,73,20,9.22,few clouds
770,Ouargaye,BF,11.5033,0.0572,79.36,70,100,7.78,overcast clouds
771,Khambhat,IN,22.3,72.6167,90.41,33,1,7.09,clear sky
772,Suna,RU,57.8338,50.0588,41.76,84,98,9.71,overcast clouds
773,Mega,ET,4.05,38.3,61.99,76,100,10.96,overcast clouds
774,Shatrovo,RU,56.5167,64.6333,51.51,63,100,8.41,overcast clouds
775,Sayyan,YE,15.1718,44.3244,66.63,17,0,8.52,clear sky
776,Dubrovytsya,UA,51.5744,26.565,51.19,66,9,12.88,clear sky
777,Marabba,SD,12.35,32.1833,92.01,42,29,9.66,scattered clouds
778,Irtyshskiy,RU,58.3333,68.1333,53.33,60,78,8.68,broken clouds
779,Izhma,RU,65.0083,53.9113,40.5,77,70,3.78,broken clouds
780,Basmat,IN,19.3167,77.1667,79.99,72,47,10.51,scattered clouds
781,Save,BJ,8.0425,2.486,76.46,87,99,4.34,overcast clouds
782,Shahpura,IN,27.3833,75.9667,86.61,23,0,7.96,clear sky
783,Kuvandyk,RU,51.4781,57.3552,49.23,61,81,10.11,broken clouds
784,Yelan,RU,50.949,43.7378,46.98,51,3,6.44,clear sky
785,Ramachandrapuram,IN,16.85,82.0167,86.41,83,100,8.63,overcast clouds
786,Chagoda,RU,59.164,35.3285,46.83,74,100,7.47,overcast clouds
787,Nyazepetrovsk,RU,56.0531,59.6028,43.75,83,100,5.97,overcast clouds
788,Loding,NO,67.3,14.75,48.11,72,0,18.41,clear sky
789,Mingaora,PK,34.7758,72.3625,79.61,34,0,5.91,clear sky
790,Narsimhapur,IN,22.95,79.2,81.39,47,10,4.76,clear sky
791,Yuryev-Polskiy,RU,56.5,39.6833,45.23,67,73,5.68,broken clouds
792,Filingue,NE,14.3521,3.3168,85.21,51,36,5.7,scattered clouds
793,Vytegra,RU,61.0064,36.4481,48.15,78,99,8.05,overcast clouds
794,Tulsipur,NP,28.131,82.2973,76.57,69,59,4.92,broken clouds
795,Kumbo,CM,6.2,10.6667,62.33,90,100,1.92,overcast clouds
796,Sirjan,IR,29.452,55.6814,77.52,14,0,5.12,clear sky
797,Hadejia,NG,12.4498,10.0444,84.52,19,100,7.07,overcast clouds
798,Kalaleh,IR,37.3807,55.4916,80.2,36,0,0.0,clear sky
799,Mongo,TD,12.1844,18.693,88.74,20,38,2.46,scattered clouds
800,Rorvik,NO,64.8621,11.2373,46.51,87,40,9.22,light rain
801,Hyeres,FR,43.1167,6.1167,68.74,76,0,0.0,clear sky
802,Ambam,CM,2.3833,11.2833,71.22,87,100,2.86,overcast clouds
803,Rochegda,RU,62.8,43.25,44.02,91,100,3.24,overcast clouds
804,Sompeta,IN,18.9333,84.6,83.66,76,33,5.53,scattered clouds
805,Puri,IN,19.8,85.85,88.32,71,19,7.18,few clouds
806,Sembe,CG,1.6481,14.5806,74.55,89,100,4.74,light rain
807,Konosha,RU,60.9736,40.257,43.93,87,100,6.35,light rain
808,Hanko,FI,59.8333,22.95,52.05,90,100,19.91,overcast clouds
809,Nexo,DK,55.0607,15.1306,55.49,94,100,19.19,overcast clouds
810,Imamoglu,TR,37.2651,35.6572,69.51,67,100,5.08,light rain
811,Peno,RU,56.9262,32.7426,46.15,74,100,8.77,overcast clouds
812,Staraya Poltavka,RU,50.4772,46.4814,49.41,50,12,8.9,few clouds
813,Ariogala,LT,55.2667,23.4667,53.71,73,62,12.48,broken clouds
814,Neftcala,AZ,39.3742,49.2472,72.07,61,94,6.73,overcast clouds
815,Kokkola,FI,63.8385,23.1307,48.92,95,100,11.5,overcast clouds
816,Belomorsk,RU,64.5232,34.7668,48.43,84,98,6.64,overcast clouds
817,Lipin Bor,RU,60.2622,37.9763,45.32,84,100,8.12,overcast clouds
818,Biloli,IN,18.7667,77.7333,80.11,77,62,10.76,broken clouds
819,Romitan,UZ,39.9343,64.3814,76.95,29,0,9.22,clear sky
820,Privolnaya,RU,46.1371,38.6951,55.58,42,0,16.64,clear sky
821,Tortosa,ES,40.8125,0.5216,67.24,70,13,3.2,few clouds
822,Provins,FR,48.5833,3.1667,60.24,93,100,15.68,overcast clouds
823,Novopskov,UA,49.5464,39.0899,47.17,48,7,7.27,clear sky
824,Pryyutivka,UA,48.7209,33.0708,49.69,48,7,8.79,clear sky
825,Zelenoborskiy,RU,66.845,32.3622,42.91,89,75,2.8,broken clouds
826,Kondinskoye,RU,59.6481,67.41,51.3,66,84,8.12,broken clouds
827,Yemtsa,RU,63.0734,40.3329,43.92,95,100,5.17,overcast clouds
828,Kandi,BJ,11.1342,2.9386,78.24,79,94,4.07,overcast clouds
829,Kyshtovka,RU,56.555,76.6271,48.43,46,71,8.14,broken clouds
830,Valdemarpils,LV,57.3707,22.5919,52.65,78,100,9.78,overcast clouds
831,Polignano A Mare,IT,40.9959,17.2159,64.53,76,3,8.55,clear sky
832,Hinganghat,IN,20.5667,78.8333,84.33,67,56,7.9,broken clouds
833,Kushmurun,KZ,52.4503,64.6311,58.42,41,55,10.13,broken clouds
834,Parasia,IN,22.2,78.7667,77.83,46,19,6.11,few clouds
835,Gurgentepe,TR,40.7883,37.6017,48.09,90,100,3.36,overcast clouds
836,Abalak,RU,58.1286,68.5944,52.81,60,94,7.29,overcast clouds
837,Lugovoy,KZ,42.9472,72.7644,75.96,10,81,5.26,broken clouds
838,Fort Abbas,PK,29.1925,72.8536,94.69,11,0,5.7,clear sky
839,Abomsa,ET,9.9833,39.9833,82.33,30,0,9.91,clear sky
840,Fondi,IT,41.3541,13.4313,69.24,61,1,0.27,clear sky
841,Veisiejai,LT,54.1,23.7,51.01,81,100,10.56,overcast clouds
842,Rostovka,RU,55.3842,71.8891,55.76,45,100,8.1,overcast clouds
843,Wagar,SD,16.1525,36.2032,93.54,36,1,9.57,clear sky
844,Mihalyi,HU,47.5138,17.0951,59.18,61,90,14.05,overcast clouds
845,Kaduqli,SD,11.0167,29.7167,84.6,54,100,2.57,overcast clouds
846,Dourbali,TD,11.8091,15.8632,88.92,18,100,11.07,overcast clouds
847,Kant,IN,27.8,79.8,85.17,47,0,1.7,clear sky
848,Nevers,FR,46.9167,3.3333,59.58,88,100,6.91,overcast clouds
849,Borujerd,IR,33.8973,48.7516,75.43,18,0,6.91,clear sky
850,Pombia,IT,45.653,8.6336,59.56,96,20,5.75,few clouds
851,Bredy,RU,52.4153,60.3411,50.76,47,8,13.47,clear sky
852,Kaspiyskiy,RU,45.3929,47.3707,60.96,71,26,6.73,scattered clouds
853,Sangin,AF,32.0728,64.8359,82.8,6,0,2.48,clear sky
854,Capari,MK,41.0561,21.1783,51.46,73,20,4.34,few clouds
855,Ibb,YE,13.9667,44.1833,72.39,23,2,1.95,clear sky
856,Borodino,RU,55.9106,94.8983,40.39,55,15,7.58,few clouds
857,Chardara,KZ,41.2547,67.9692,76.01,26,24,6.62,few clouds
858,Lyuban,BY,52.7985,28.0048,50.11,65,58,11.83,broken clouds
859,Giresun,TR,40.5,38.5,44.91,70,100,4.97,overcast clouds
860,Seydi,TM,39.4816,62.9137,80.53,17,16,10.09,few clouds
861,Mundi,IN,22.0667,76.5,82.92,44,37,11.03,scattered clouds
862,Gurmatkal,IN,16.8667,77.4,77.14,78,82,10.0,broken clouds
863,Ray,IN,23.6833,85.05,79.57,57,6,5.35,clear sky
864,Orhangazi,TR,40.4892,29.3089,60.51,94,100,5.06,moderate rain
865,Kopervik,NO,59.2835,5.3067,47.32,87,20,11.5,few clouds
866,Klos,AL,41.5072,20.0851,56.35,66,1,4.27,clear sky
867,Bousso,TD,10.4795,16.7117,81.25,69,100,6.67,overcast clouds
868,Ecublens,CH,46.529,6.5626,63.07,89,82,8.19,broken clouds
869,Arkadak,RU,51.9326,43.4978,45.91,54,12,5.48,few clouds
870,Telhara,IN,21.0269,76.8389,85.28,37,36,3.8,scattered clouds
871,Tolentino,IT,43.2126,13.2901,62.82,68,8,1.21,clear sky
872,Grevena,GR,40.0845,21.4274,55.76,68,42,3.51,scattered clouds
873,Pudozh,RU,61.8099,36.5345,45.82,87,100,6.04,overcast clouds
874,Ardakan,IR,32.31,54.0175,83.8,11,0,2.57,clear sky
875,Point Pedro,LK,9.8167,80.2333,83.53,70,100,3.78,overcast clouds
876,Stepnogorsk,KZ,52.3544,71.8869,56.8,41,100,3.31,overcast clouds
877,Zelenoborsk,RU,61.4669,64.0333,41.81,83,100,1.92,overcast clouds
878,Gorzow Wielkopolski,PL,52.7368,15.2288,58.39,83,99,1.01,overcast clouds
879,Sebinkarahisar,TR,40.2883,38.4236,57.99,57,100,4.79,overcast clouds
880,Kosa,RU,59.9445,54.9977,42.78,90,100,6.38,overcast clouds
881,Yuzhno-Sukhokumsk,RU,44.6581,45.6436,64.87,57,57,5.55,broken clouds
882,Urengoy,RU,65.9667,78.3667,38.86,72,100,12.71,overcast clouds
883,Noyabrsk,RU,63.1994,75.4507,40.37,65,100,16.78,overcast clouds
884,Uusikaupunki,FI,60.8004,21.4084,53.62,82,100,13.27,overcast clouds
885,Ubauro,PK,28.1652,69.7289,97.07,11,0,6.49,clear sky
886,Disna,BY,55.568,28.1971,50.04,72,45,11.7,scattered clouds
887,Rajshahi,BD,24.3667,88.6,87.33,54,1,8.05,clear sky
888,Kasakh,AM,40.537,44.4105,47.46,62,100,5.7,overcast clouds
889,Rudnichnyy,RU,59.617,52.4703,43.5,86,100,5.82,overcast clouds
890,Srostki,RU,52.4189,85.7022,56.95,31,7,4.68,clear sky
891,Mora,CM,11.0461,14.1401,83.32,30,100,6.76,overcast clouds
892,Peshkovo,RU,47.0187,39.3885,45.88,42,0,15.66,clear sky
